sprint,captured_at,issue_number,title,status,state,assignees,labels,url,created_at,closed_at
lab01s01,2026-08-13T22:56:24.306232+00:00,4,"Sprint 1: Hipóteses informais das 7 RQs e fonte de ""linguagens populares""",Done,CLOSED,pedroMontandon,,https://github.com/matheustitton/lab01-repositorios-populares/issues/4,2026-08-11T23:55:44+00:00,2026-08-13T20:55:34+00:00
lab01s01,2026-08-13T22:56:24.306232+00:00,6,Sprint 1: Snapshot de fechamento da Sprint 01 (Lab01S01),Done,CLOSED,muriloAmachado;matheustitton,,https://github.com/matheustitton/lab01-repositorios-populares/issues/6,2026-08-12T00:01:08+00:00,2026-08-13T22:55:44+00:00
lab01s01,2026-08-13T22:56:24.306232+00:00,3,Sprint 1: Implementar processamento dos dados e exportação em CSV,Done,CLOSED,pedroMontandon,,https://github.com/matheustitton/lab01-repositorios-populares/issues/3,2026-08-11T23:52:28+00:00,2026-08-13T16:57:48+00:00
lab01s01,2026-08-13T22:56:24.306232+00:00,5,"Sprint 1: Setup do GitHub Projects: colunas, WIP e política do board",Done,CLOSED,matheustitton,,https://github.com/matheustitton/lab01-repositorios-populares/issues/5,2026-08-11T23:59:40+00:00,2026-08-11T23:59:55+00:00
lab01s01,2026-08-13T22:56:24.306232+00:00,1,Sprint 1: Implementar consulta GraphQL para 100 repositórios,Done,CLOSED,pedroMontandon,,https://github.com/matheustitton/lab01-repositorios-populares/issues/1,2026-08-11T23:48:04+00:00,2026-08-13T14:54:17+00:00
lab01s01,2026-08-13T22:56:24.306232+00:00,2,Sprint 1: Validar campos brutos da API em amostra de 5-10 repositórios,Done,CLOSED,matheustitton,,https://github.com/matheustitton/lab01-repositorios-populares/issues/2,2026-08-11T23:50:22+00:00,2026-08-13T21:25:43+00:00
lab01s01,2026-08-13T22:56:24.306232+00:00,7,Sprint 1: Criar arquitetura inicial do projeto,Done,CLOSED,muriloAmachado,,https://github.com/matheustitton/lab01-repositorios-populares/issues/7,2026-08-13T13:41:42+00:00,2026-08-13T13:43:56+00:00
lab01s02,2026-08-20T19:04:09.849436+00:00,4,"Sprint 1: Hipóteses informais das 7 RQs e fonte de ""linguagens populares""",Done,CLOSED,pedroMontandon,,https://github.com/matheustitton/lab01-repositorios-populares/issues/4,2026-08-11T23:55:44+00:00,2026-08-13T20:55:34+00:00
lab01s02,2026-08-20T19:04:09.849436+00:00,17,[SPRINT 2] Implementação do GraphQL para 1000 repositórios,Done,CLOSED,muriloAmachado,,https://github.com/matheustitton/lab01-repositorios-populares/issues/17,2026-08-18T22:33:58+00:00,2026-08-18T23:24:21+00:00
lab01s02,2026-08-20T19:04:09.849436+00:00,6,Sprint 1: Snapshot de fechamento da Sprint 01 (Lab01S01),Done,CLOSED,muriloAmachado;matheustitton,,https://github.com/matheustitton/lab01-repositorios-populares/issues/6,2026-08-12T00:01:08+00:00,2026-08-13T22:55:44+00:00
lab01s02,2026-08-20T19:04:09.849436+00:00,3,Sprint 1: Implementar processamento dos dados e exportação em CSV,Done,CLOSED,pedroMontandon,,https://github.com/matheustitton/lab01-repositorios-populares/issues/3,2026-08-11T23:52:28+00:00,2026-08-13T16:57:48+00:00
lab01s02,2026-08-20T19:04:09.849436+00:00,5,"Sprint 1: Setup do GitHub Projects: colunas, WIP e política do board",Done,CLOSED,matheustitton,,https://github.com/matheustitton/lab01-repositorios-populares/issues/5,2026-08-11T23:59:40+00:00,2026-08-11T23:59:55+00:00
lab01s02,2026-08-20T19:04:09.849436+00:00,1,Sprint 1: Implementar consulta GraphQL para 100 repositórios,Done,CLOSED,pedroMontandon,,https://github.com/matheustitton/lab01-repositorios-populares/issues/1,2026-08-11T23:48:04+00:00,2026-08-13T14:54:17+00:00
lab01s02,2026-08-20T19:04:09.849436+00:00,2,Sprint 1: Validar campos brutos da API em amostra de 5-10 repositórios,Done,CLOSED,matheustitton,,https://github.com/matheustitton/lab01-repositorios-populares/issues/2,2026-08-11T23:50:22+00:00,2026-08-13T21:25:43+00:00
lab01s02,2026-08-20T19:04:09.849436+00:00,7,Sprint 1: Criar arquitetura inicial do projeto,Done,CLOSED,muriloAmachado,,https://github.com/matheustitton/lab01-repositorios-populares/issues/7,2026-08-13T13:41:42+00:00,2026-08-13T13:43:56+00:00
lab01s02,2026-08-20T19:04:09.849436+00:00,12,[SPRINT 2] Analise RQ1 e RQ2 para 1000 repositórios,Done,CLOSED,muriloAmachado,,https://github.com/matheustitton/lab01-repositorios-populares/issues/12,2026-08-18T12:38:50+00:00,2026-08-18T23:25:39+00:00
lab01s02,2026-08-20T19:04:09.849436+00:00,13,"[SPRINT 2] Analise RQ3, RQ4 e RQ5 para 1000 repositórios",Done,CLOSED,matheustitton,,https://github.com/matheustitton/lab01-repositorios-populares/issues/13,2026-08-18T12:39:37+00:00,2026-08-18T23:30:20+00:00
lab01s02,2026-08-20T19:04:09.849436+00:00,14,[SPRINT 2] Analise RQ6 e RQ7 para 1000 repositórios,Sprint Backlog,OPEN,pedroMontandon,,https://github.com/matheustitton/lab01-repositorios-populares/issues/14,2026-08-18T12:40:14+00:00,
lab01s02,2026-08-20T19:04:09.849436+00:00,15,[SPRINT 2] Snapshot finalização da Sprint 2 e inicio da Sprint 3,Sprint Backlog,OPEN,pedroMontandon,,https://github.com/matheustitton/lab01-repositorios-populares/issues/15,2026-08-18T12:40:53+00:00,
lab01s03,2026-08-27T00:12:43.379379+00:00,21,[SPRINT 3] Consolidar as 7 RQs e gerar todas as figuras,Done,CLOSED,muriloAmachado,,https://github.com/matheustitton/lab01-repositorios-populares/issues/21,2026-08-21T00:25:42+00:00,2026-08-26T00:31:10+00:00
lab01s03,2026-08-27T00:12:43.379379+00:00,20,"[SPRINT 3] RQ05+RQ06+RQ07 Implementar análise de linguagem, issues fechadas e contribuição por linguagem",Done,CLOSED,muriloAmachado,,https://github.com/matheustitton/lab01-repositorios-populares/issues/20,2026-08-21T00:24:53+00:00,2026-08-26T00:29:59+00:00
lab01s03,2026-08-27T00:12:43.379379+00:00,4,"Sprint 1: Hipóteses informais das 7 RQs e fonte de ""linguagens populares""",Done,CLOSED,pedroMontandon,,https://github.com/matheustitton/lab01-repositorios-populares/issues/4,2026-08-11T23:55:44+00:00,2026-08-13T20:55:34+00:00
lab01s03,2026-08-27T00:12:43.379379+00:00,17,[SPRINT 2] Implementação do GraphQL para 1000 repositórios,Done,CLOSED,muriloAmachado,,https://github.com/matheustitton/lab01-repositorios-populares/issues/17,2026-08-18T22:33:58+00:00,2026-08-18T23:24:21+00:00
lab01s03,2026-08-27T00:12:43.379379+00:00,6,Sprint 1: Snapshot de fechamento da Sprint 01 (Lab01S01),Done,CLOSED,muriloAmachado;matheustitton,,https://github.com/matheustitton/lab01-repositorios-populares/issues/6,2026-08-12T00:01:08+00:00,2026-08-13T22:55:44+00:00
lab01s03,2026-08-27T00:12:43.379379+00:00,3,Sprint 1: Implementar processamento dos dados e exportação em CSV,Done,CLOSED,pedroMontandon,,https://github.com/matheustitton/lab01-repositorios-populares/issues/3,2026-08-11T23:52:28+00:00,2026-08-13T16:57:48+00:00
lab01s03,2026-08-27T00:12:43.379379+00:00,5,"Sprint 1: Setup do GitHub Projects: colunas, WIP e política do board",Done,CLOSED,matheustitton,,https://github.com/matheustitton/lab01-repositorios-populares/issues/5,2026-08-11T23:59:40+00:00,2026-08-11T23:59:55+00:00
lab01s03,2026-08-27T00:12:43.379379+00:00,1,Sprint 1: Implementar consulta GraphQL para 100 repositórios,Done,CLOSED,pedroMontandon,,https://github.com/matheustitton/lab01-repositorios-populares/issues/1,2026-08-11T23:48:04+00:00,2026-08-13T14:54:17+00:00
lab01s03,2026-08-27T00:12:43.379379+00:00,2,Sprint 1: Validar campos brutos da API em amostra de 5-10 repositórios,Done,CLOSED,matheustitton,,https://github.com/matheustitton/lab01-repositorios-populares/issues/2,2026-08-11T23:50:22+00:00,2026-08-13T21:25:43+00:00
lab01s03,2026-08-27T00:12:43.379379+00:00,7,Sprint 1: Criar arquitetura inicial do projeto,Done,CLOSED,muriloAmachado,,https://github.com/matheustitton/lab01-repositorios-populares/issues/7,2026-08-13T13:41:42+00:00,2026-08-13T13:43:56+00:00
lab01s03,2026-08-27T00:12:43.379379+00:00,12,[SPRINT 2] Analise RQ1 e RQ2 para 1000 repositórios,Done,CLOSED,muriloAmachado,,https://github.com/matheustitton/lab01-repositorios-populares/issues/12,2026-08-18T12:38:50+00:00,2026-08-18T23:25:39+00:00
lab01s03,2026-08-27T00:12:43.379379+00:00,13,"[SPRINT 2] Analise RQ3, RQ4 e RQ5 para 1000 repositórios",Done,CLOSED,matheustitton,,https://github.com/matheustitton/lab01-repositorios-populares/issues/13,2026-08-18T12:39:37+00:00,2026-08-18T23:30:20+00:00
lab01s03,2026-08-27T00:12:43.379379+00:00,14,[SPRINT 2] Analise RQ6 e RQ7 para 1000 repositórios,Done,CLOSED,pedroMontandon,,https://github.com/matheustitton/lab01-repositorios-populares/issues/14,2026-08-18T12:40:14+00:00,2026-08-20T19:06:06+00:00
lab01s03,2026-08-27T00:12:43.379379+00:00,15,[SPRINT 2] Snapshot finalização da Sprint 2 e inicio da Sprint 3,Done,CLOSED,pedroMontandon,,https://github.com/matheustitton/lab01-repositorios-populares/issues/15,2026-08-18T12:40:53+00:00,2026-08-20T19:06:07+00:00
lab01s03,2026-08-27T00:12:43.379379+00:00,18,[SPRINT 3] - RQ01+RQ02 Implementar análise e histograma de idade e PRs mergeadas,Done,CLOSED,matheustitton,,https://github.com/matheustitton/lab01-repositorios-populares/issues/18,2026-08-21T00:20:13+00:00,2026-08-25T01:07:42+00:00
lab01s03,2026-08-27T00:12:43.379379+00:00,19,[SPRINT 3] RQ03+RQ04 Implementar análise de releases e frequência de atualização,Done,CLOSED,pedroMontandon,,https://github.com/matheustitton/lab01-repositorios-populares/issues/19,2026-08-21T00:23:42+00:00,2026-08-25T17:44:27+00:00
lab01s03,2026-08-27T00:12:43.379379+00:00,22,[SPRINT 3] Board atualizado + snapshot Lab01S03,Sprint Backlog,OPEN,pedroMontandon,,https://github.com/matheustitton/lab01-repositorios-populares/issues/22,2026-08-21T00:26:16+00:00,
